date,ccy,rate
2022-12-27,EUR,1.066
2022-12-27,GBP,1.208
2022-12-28,EUR,1.071361
2022-12-28,GBP,1.21222
2022-12-29,EUR,1.073353
2022-12-29,GBP,1.217394
2022-12-30,EUR,1.075424
2022-12-30,GBP,1.219576
2023-01-03,EUR,1.071979
2023-01-03,GBP,1.215001
2023-01-04,EUR,1.069301
2023-01-04,GBP,1.211616
2023-01-05,EUR,1.067707
2023-01-05,GBP,1.212959
2023-01-06,EUR,1.069481
2023-01-06,GBP,1.218288
2023-01-09,EUR,1.065065
2023-01-09,GBP,1.220168
2023-01-10,EUR,1.067317
2023-01-10,GBP,1.219289
2023-01-11,EUR,1.065113
2023-01-11,GBP,1.217228
2023-01-12,EUR,1.060043
2023-01-12,GBP,1.213235
2023-01-13,EUR,1.060504
2023-01-13,GBP,1.221512
2023-01-17,EUR,1.059844
2023-01-17,GBP,1.220239
2023-01-18,EUR,1.07046
2023-01-18,GBP,1.222121
2023-01-19,EUR,1.071762
2023-01-19,GBP,1.224434
2023-01-20,EUR,1.070512
2023-01-20,GBP,1.225269
2023-01-23,EUR,1.070989
2023-01-23,GBP,1.227695
2023-01-24,EUR,1.075463
2023-01-24,GBP,1.226678
2023-01-25,EUR,1.076047
2023-01-25,GBP,1.221112
2023-01-26,EUR,1.074928
2023-01-26,GBP,1.227624
2023-01-27,EUR,1.072463
2023-01-27,GBP,1.227995
2023-01-30,EUR,1.062335
2023-01-30,GBP,1.225387
2023-01-31,EUR,1.06574
2023-01-31,GBP,1.221192
2023-02-01,EUR,1.06658
2023-02-01,GBP,1.229205
2023-02-02,EUR,1.068151
2023-02-02,GBP,1.223841
2023-02-03,EUR,1.069249
2023-02-03,GBP,1.228007
2023-02-06,EUR,1.072179
2023-02-06,GBP,1.236366
2023-02-07,EUR,1.068084
2023-02-07,GBP,1.233269
2023-02-08,EUR,1.065494
2023-02-08,GBP,1.232635
2023-02-09,EUR,1.059744
2023-02-09,GBP,1.228885
2023-02-10,EUR,1.060463
2023-02-10,GBP,1.227767
2023-02-13,EUR,1.064251
2023-02-13,GBP,1.223526
2023-02-14,EUR,1.07316
2023-02-14,GBP,1.225523
2023-02-15,EUR,1.073941
2023-02-15,GBP,1.218734
2023-02-16,EUR,1.069503
2023-02-16,GBP,1.213103
2023-02-17,EUR,1.075858
2023-02-17,GBP,1.206159
2023-02-21,EUR,1.082058
2023-02-21,GBP,1.208388
2023-02-22,EUR,1.07639
2023-02-22,GBP,1.212979
2023-02-23,EUR,1.075492
2023-02-23,GBP,1.212161
2023-02-24,EUR,1.075818
2023-02-24,GBP,1.216138
2023-02-27,EUR,1.077588
2023-02-27,GBP,1.209361
2023-02-28,EUR,1.077641
2023-02-28,GBP,1.207613
2023-03-01,EUR,1.08265
2023-03-01,GBP,1.20676
2023-03-02,EUR,1.078931
2023-03-02,GBP,1.208846
2023-03-03,EUR,1.08526
2023-03-03,GBP,1.209815
2023-03-06,EUR,1.086592
2023-03-06,GBP,1.210853
2023-03-07,EUR,1.086549
2023-03-07,GBP,1.207934
2023-03-08,EUR,1.082238
2023-03-08,GBP,1.211265
2023-03-09,EUR,1.078522
2023-03-09,GBP,1.204188
2023-03-10,EUR,1.086208
2023-03-10,GBP,1.207708
2023-03-13,EUR,1.085938
2023-03-13,GBP,1.208079
2023-03-14,EUR,1.091641
2023-03-14,GBP,1.206493
2023-03-15,EUR,1.093154
2023-03-15,GBP,1.201905
2023-03-16,EUR,1.100803
2023-03-16,GBP,1.202556
2023-03-17,EUR,1.10576
2023-03-17,GBP,1.194023
2023-03-20,EUR,1.102097
2023-03-20,GBP,1.198293
2023-03-21,EUR,1.099404
2023-03-21,GBP,1.195556
2023-03-22,EUR,1.101757
2023-03-22,GBP,1.192997
2023-03-23,EUR,1.103432
2023-03-23,GBP,1.198564
2023-03-24,EUR,1.105643
2023-03-24,GBP,1.209202
2023-03-27,EUR,1.107935
2023-03-27,GBP,1.208549
2023-03-28,EUR,1.111164
2023-03-28,GBP,1.206569
2023-03-29,EUR,1.104663
2023-03-29,GBP,1.204773
2023-03-30,EUR,1.103599
2023-03-30,GBP,1.200759
2023-03-31,EUR,1.109062
2023-03-31,GBP,1.203852
2023-04-03,EUR,1.108066
2023-04-03,GBP,1.197583
2023-04-04,EUR,1.100569
2023-04-04,GBP,1.19429
2023-04-05,EUR,1.097504
2023-04-05,GBP,1.195332
2023-04-06,EUR,1.092957
2023-04-06,GBP,1.191617
2023-04-11,EUR,1.08859
2023-04-11,GBP,1.192541
2023-04-12,EUR,1.080399
2023-04-12,GBP,1.192005
2023-04-13,EUR,1.077404
2023-04-13,GBP,1.186393
2023-04-14,EUR,1.080465
2023-04-14,GBP,1.189121
2023-04-17,EUR,1.081046
2023-04-17,GBP,1.184499
2023-04-18,EUR,1.085332
2023-04-18,GBP,1.187711
2023-04-19,EUR,1.087699
2023-04-19,GBP,1.186545
2023-04-20,EUR,1.086299
2023-04-20,GBP,1.189718
2023-04-21,EUR,1.082936
2023-04-21,GBP,1.200295
2023-04-24,EUR,1.086211
2023-04-24,GBP,1.20158
2023-04-25,EUR,1.08494
2023-04-25,GBP,1.198567
2023-04-26,EUR,1.086192
2023-04-26,GBP,1.204786
2023-04-27,EUR,1.09075
2023-04-27,GBP,1.202559
2023-04-28,EUR,1.096412
2023-04-28,GBP,1.202434
2023-05-01,EUR,1.086759
2023-05-01,GBP,1.201965
2023-05-02,EUR,1.090765
2023-05-02,GBP,1.206553
2023-05-03,EUR,1.094672
2023-05-03,GBP,1.198632
2023-05-04,EUR,1.08995
2023-05-04,GBP,1.194861
2023-05-05,EUR,1.083372
2023-05-05,GBP,1.191212
2023-05-08,EUR,1.082202
2023-05-08,GBP,1.196997
2023-05-09,EUR,1.083963
2023-05-09,GBP,1.191298
2023-05-10,EUR,1.079658
2023-05-10,GBP,1.187579
2023-05-11,EUR,1.076422
2023-05-11,GBP,1.185193
2023-05-12,EUR,1.074521
2023-05-12,GBP,1.184505
2023-05-15,EUR,1.080787
2023-05-15,GBP,1.19284
2023-05-16,EUR,1.07991
2023-05-16,GBP,1.188664
2023-05-17,EUR,1.078574
2023-05-17,GBP,1.179762
2023-05-18,EUR,1.074755
2023-05-18,GBP,1.179979
2023-05-19,EUR,1.077746
2023-05-19,GBP,1.183304
2023-05-22,EUR,1.079994
2023-05-22,GBP,1.186082
2023-05-23,EUR,1.084161
2023-05-23,GBP,1.182546
2023-05-24,EUR,1.085685
2023-05-24,GBP,1.184082
2023-05-25,EUR,1.083625
2023-05-25,GBP,1.185342
2023-05-26,EUR,1.077364
2023-05-26,GBP,1.187024
2023-05-30,EUR,1.078166
2023-05-30,GBP,1.186725
2023-05-31,EUR,1.074773
2023-05-31,GBP,1.185921
2023-06-01,EUR,1.074597
2023-06-01,GBP,1.189884
2023-06-02,EUR,1.080861
2023-06-02,GBP,1.192102
2023-06-05,EUR,1.084324
2023-06-05,GBP,1.201383
2023-06-06,EUR,1.086926
2023-06-06,GBP,1.194152
2023-06-07,EUR,1.083704
2023-06-07,GBP,1.196752
2023-06-08,EUR,1.073717
2023-06-08,GBP,1.195096
2023-06-09,EUR,1.070967
2023-06-09,GBP,1.193308
2023-06-12,EUR,1.07272
2023-06-12,GBP,1.196361
2023-06-13,EUR,1.069177
2023-06-13,GBP,1.200221
2023-06-14,EUR,1.070823
2023-06-14,GBP,1.200501
2023-06-15,EUR,1.074188
2023-06-15,GBP,1.209717
2023-06-16,EUR,1.075818
2023-06-16,GBP,1.205513
2023-06-20,EUR,1.073008
2023-06-20,GBP,1.204415
2023-06-21,EUR,1.073224
2023-06-21,GBP,1.198067
2023-06-22,EUR,1.06524
2023-06-22,GBP,1.198038
2023-06-23,EUR,1.065863
2023-06-23,GBP,1.194175
2023-06-26,EUR,1.067071
2023-06-26,GBP,1.195177
2023-06-27,EUR,1.063569
2023-06-27,GBP,1.194517
2023-06-28,EUR,1.067055
2023-06-28,GBP,1.198404
2023-06-29,EUR,1.06931
2023-06-29,GBP,1.195221
2023-06-30,EUR,1.065064
2023-06-30,GBP,1.201538
2023-07-03,EUR,1.075807
2023-07-03,GBP,1.198766
2023-07-05,EUR,1.074458
2023-07-05,GBP,1.202242
2023-07-06,EUR,1.070471
2023-07-06,GBP,1.199646
2023-07-07,EUR,1.066235
2023-07-07,GBP,1.192873
2023-07-10,EUR,1.067363
2023-07-10,GBP,1.197111
2023-07-11,EUR,1.060519
2023-07-11,GBP,1.197274
2023-07-12,EUR,1.06489
2023-07-12,GBP,1.191259
2023-07-13,EUR,1.066813
2023-07-13,GBP,1.196079
2023-07-14,EUR,1.070866
2023-07-14,GBP,1.19819
2023-07-17,EUR,1.079459
2023-07-17,GBP,1.196791
2023-07-18,EUR,1.081934
2023-07-18,GBP,1.192607
2023-07-19,EUR,1.088121
2023-07-19,GBP,1.199708
2023-07-20,EUR,1.08131
2023-07-20,GBP,1.201531
2023-07-21,EUR,1.079182
2023-07-21,GBP,1.199908
2023-07-24,EUR,1.078773
2023-07-24,GBP,1.199334
2023-07-25,EUR,1.081434
2023-07-25,GBP,1.208801
2023-07-26,EUR,1.081659
2023-07-26,GBP,1.213494
2023-07-27,EUR,1.087739
2023-07-27,GBP,1.214241
2023-07-28,EUR,1.087609
2023-07-28,GBP,1.212217
2023-07-31,EUR,1.086514
2023-07-31,GBP,1.210365
2023-08-01,EUR,1.087006
2023-08-01,GBP,1.213384
2023-08-02,EUR,1.089785
2023-08-02,GBP,1.215782
2023-08-03,EUR,1.073831
2023-08-03,GBP,1.218851
2023-08-04,EUR,1.074864
2023-08-04,GBP,1.221932
2023-08-07,EUR,1.069109
2023-08-07,GBP,1.222415
2023-08-08,EUR,1.066538
2023-08-08,GBP,1.22446
2023-08-09,EUR,1.067784
2023-08-09,GBP,1.21949
2023-08-10,EUR,1.064992
2023-08-10,GBP,1.225528
2023-08-11,EUR,1.061484
2023-08-11,GBP,1.217981
2023-08-14,EUR,1.05822
2023-08-14,GBP,1.221706
2023-08-15,EUR,1.056368
2023-08-15,GBP,1.220062
2023-08-16,EUR,1.056829
2023-08-16,GBP,1.219983
2023-08-17,EUR,1.055946
2023-08-17,GBP,1.219979
2023-08-18,EUR,1.056719
2023-08-18,GBP,1.223013
2023-08-21,EUR,1.063001
2023-08-21,GBP,1.222588
2023-08-22,EUR,1.05607
2023-08-22,GBP,1.22016
2023-08-23,EUR,1.059099
2023-08-23,GBP,1.221819
2023-08-24,EUR,1.057332
2023-08-24,GBP,1.221615
2023-08-25,EUR,1.057948
2023-08-25,GBP,1.213826
2023-08-28,EUR,1.051428
2023-08-28,GBP,1.221504
2023-08-29,EUR,1.041871
2023-08-29,GBP,1.225082
2023-08-30,EUR,1.036132
2023-08-30,GBP,1.229596
2023-08-31,EUR,1.045527
2023-08-31,GBP,1.228347
2023-09-01,EUR,1.051794
2023-09-01,GBP,1.227248
2023-09-05,EUR,1.055909
2023-09-05,GBP,1.238387
2023-09-06,EUR,1.052973
2023-09-06,GBP,1.238228
2023-09-07,EUR,1.049178
2023-09-07,GBP,1.234482
2023-09-08,EUR,1.047871
2023-09-08,GBP,1.233781
2023-09-11,EUR,1.041273
2023-09-11,GBP,1.236849
2023-09-12,EUR,1.044288
2023-09-12,GBP,1.236184
2023-09-13,EUR,1.050904
2023-09-13,GBP,1.230122
2023-09-14,EUR,1.05088
2023-09-14,GBP,1.233169
2023-09-15,EUR,1.047928
2023-09-15,GBP,1.234208
2023-09-18,EUR,1.051035
2023-09-18,GBP,1.240311
2023-09-19,EUR,1.043816
2023-09-19,GBP,1.243568
2023-09-20,EUR,1.04564
2023-09-20,GBP,1.243016
2023-09-21,EUR,1.05534
2023-09-21,GBP,1.246256
2023-09-22,EUR,1.056037
2023-09-22,GBP,1.25702
2023-09-25,EUR,1.057149
2023-09-25,GBP,1.259582
2023-09-26,EUR,1.061241
2023-09-26,GBP,1.256861
2023-09-27,EUR,1.061278
2023-09-27,GBP,1.251726
2023-09-28,EUR,1.059131
2023-09-28,GBP,1.250768
2023-09-29,EUR,1.057454
2023-09-29,GBP,1.248936
2023-10-02,EUR,1.056813
2023-10-02,GBP,1.253546
2023-10-03,EUR,1.056099
2023-10-03,GBP,1.25152
2023-10-04,EUR,1.057439
2023-10-04,GBP,1.2477
2023-10-05,EUR,1.064486
2023-10-05,GBP,1.255633
2023-10-06,EUR,1.061079
2023-10-06,GBP,1.251154
2023-10-09,EUR,1.068004
2023-10-09,GBP,1.251792
2023-10-10,EUR,1.068541
2023-10-10,GBP,1.251676
2023-10-11,EUR,1.068283
2023-10-11,GBP,1.258644
2023-10-12,EUR,1.069242
2023-10-12,GBP,1.257577
2023-10-13,EUR,1.070971
2023-10-13,GBP,1.257376
2023-10-16,EUR,1.067803
2023-10-16,GBP,1.25548
2023-10-17,EUR,1.070178
2023-10-17,GBP,1.257261
2023-10-18,EUR,1.069686
2023-10-18,GBP,1.257673
2023-10-19,EUR,1.06436
2023-10-19,GBP,1.256109
2023-10-20,EUR,1.062519
2023-10-20,GBP,1.254992
2023-10-23,EUR,1.064916
2023-10-23,GBP,1.257026
2023-10-24,EUR,1.059372
2023-10-24,GBP,1.253748
2023-10-25,EUR,1.063103
2023-10-25,GBP,1.252828
2023-10-26,EUR,1.060244
2023-10-26,GBP,1.251183
2023-10-27,EUR,1.057277
2023-10-27,GBP,1.2532
2023-10-30,EUR,1.06262
2023-10-30,GBP,1.243144
2023-10-31,EUR,1.063828
2023-10-31,GBP,1.237236
2023-11-01,EUR,1.07016
2023-11-01,GBP,1.237057
2023-11-02,EUR,1.065861
2023-11-02,GBP,1.232849
2023-11-03,EUR,1.065997
2023-11-03,GBP,1.231003
2023-11-06,EUR,1.072381
2023-11-06,GBP,1.226599
2023-11-07,EUR,1.078307
2023-11-07,GBP,1.221461
2023-11-08,EUR,1.080687
2023-11-08,GBP,1.22315
2023-11-09,EUR,1.083598
2023-11-09,GBP,1.223407
2023-11-10,EUR,1.083884
2023-11-10,GBP,1.220824
2023-11-13,EUR,1.074454
2023-11-13,GBP,1.223531
2023-11-14,EUR,1.078254
2023-11-14,GBP,1.222197
2023-11-15,EUR,1.08142
2023-11-15,GBP,1.218237
2023-11-16,EUR,1.082071
2023-11-16,GBP,1.217208
2023-11-17,EUR,1.082963
2023-11-17,GBP,1.216123
2023-11-20,EUR,1.083172
2023-11-20,GBP,1.215202
2023-11-21,EUR,1.083101
2023-11-21,GBP,1.224561
2023-11-22,EUR,1.086213
2023-11-22,GBP,1.223169
2023-11-24,EUR,1.083307
2023-11-24,GBP,1.220703
2023-11-27,EUR,1.085128
2023-11-27,GBP,1.209582
2023-11-28,EUR,1.081664
2023-11-28,GBP,1.215938
2023-11-29,EUR,1.078494
2023-11-29,GBP,1.217295
2023-11-30,EUR,1.085513
2023-11-30,GBP,1.215008
2023-12-01,EUR,1.085226
2023-12-01,GBP,1.217939
2023-12-04,EUR,1.082224
2023-12-04,GBP,1.21918
2023-12-05,EUR,1.084741
2023-12-05,GBP,1.218761
2023-12-06,EUR,1.085417
2023-12-06,GBP,1.219641
2023-12-07,EUR,1.084198
2023-12-07,GBP,1.226752
2023-12-08,EUR,1.082769
2023-12-08,GBP,1.217169
2023-12-11,EUR,1.07849
2023-12-11,GBP,1.217716
2023-12-12,EUR,1.075861
2023-12-12,GBP,1.224199
2023-12-13,EUR,1.076159
2023-12-13,GBP,1.232663
2023-12-14,EUR,1.080511
2023-12-14,GBP,1.232863
2023-12-15,EUR,1.08187
2023-12-15,GBP,1.236989
2023-12-18,EUR,1.081263
2023-12-18,GBP,1.23021
2023-12-19,EUR,1.081002
2023-12-19,GBP,1.231014
2023-12-20,EUR,1.074505
2023-12-20,GBP,1.229753
2023-12-21,EUR,1.073044
2023-12-21,GBP,1.224542
2023-12-22,EUR,1.068502
2023-12-22,GBP,1.221671
2023-12-27,EUR,1.071586
2023-12-27,GBP,1.219198
2023-12-28,EUR,1.078551
2023-12-28,GBP,1.214437
2023-12-29,EUR,1.072052
2023-12-29,GBP,1.217156
2024-01-03,EUR,1.07369
2024-01-03,GBP,1.208595
2024-01-04,EUR,1.071722
2024-01-04,GBP,1.206781
2024-01-05,EUR,1.06953
2024-01-05,GBP,1.201515
2024-01-08,EUR,1.064258
2024-01-08,GBP,1.205568
2024-01-09,EUR,1.06457
2024-01-09,GBP,1.204378
2024-01-10,EUR,1.063805
2024-01-10,GBP,1.200473
2024-01-11,EUR,1.066727
2024-01-11,GBP,1.19533
2024-01-12,EUR,1.067962
2024-01-12,GBP,1.196892
2024-01-16,EUR,1.074036
2024-01-16,GBP,1.191712
2024-01-17,EUR,1.072292
2024-01-17,GBP,1.197458
2024-01-18,EUR,1.074463
2024-01-18,GBP,1.195613
2024-01-19,EUR,1.066347
2024-01-19,GBP,1.199758
2024-01-22,EUR,1.068867
2024-01-22,GBP,1.198893
2024-01-23,EUR,1.064559
2024-01-23,GBP,1.19626
2024-01-24,EUR,1.069092
2024-01-24,GBP,1.200629
2024-01-25,EUR,1.069849
2024-01-25,GBP,1.205826
2024-01-26,EUR,1.068557
2024-01-26,GBP,1.209164
2024-01-29,EUR,1.071295
2024-01-29,GBP,1.209992
2024-01-30,EUR,1.073396
2024-01-30,GBP,1.213152
2024-01-31,EUR,1.069307
2024-01-31,GBP,1.210411
2024-02-01,EUR,1.070346
2024-02-01,GBP,1.212518
2024-02-02,EUR,1.068396
2024-02-02,GBP,1.208451
2024-02-05,EUR,1.065336
2024-02-05,GBP,1.203718
2024-02-06,EUR,1.063881
2024-02-06,GBP,1.19848
2024-02-07,EUR,1.066915
2024-02-07,GBP,1.198479
2024-02-08,EUR,1.062492
2024-02-08,GBP,1.194752
2024-02-09,EUR,1.064009
2024-02-09,GBP,1.200287
2024-02-12,EUR,1.064077
2024-02-12,GBP,1.203153
2024-02-13,EUR,1.059372
2024-02-13,GBP,1.203172
2024-02-14,EUR,1.061497
2024-02-14,GBP,1.208281
2024-02-15,EUR,1.062222
2024-02-15,GBP,1.211036
2024-02-16,EUR,1.060432
2024-02-16,GBP,1.208091
2024-02-20,EUR,1.063495
2024-02-20,GBP,1.216612
2024-02-21,EUR,1.065672
2024-02-21,GBP,1.211889
2024-02-22,EUR,1.059079
2024-02-22,GBP,1.204004
2024-02-23,EUR,1.053677
2024-02-23,GBP,1.203376
2024-02-26,EUR,1.059105
2024-02-26,GBP,1.206923
2024-02-27,EUR,1.062639
2024-02-27,GBP,1.209765
2024-02-28,EUR,1.056446
2024-02-28,GBP,1.216462
2024-02-29,EUR,1.058246
2024-02-29,GBP,1.214027
2024-03-01,EUR,1.064297
2024-03-01,GBP,1.210497
2024-03-04,EUR,1.067413
2024-03-04,GBP,1.209616
2024-03-05,EUR,1.067636
2024-03-05,GBP,1.206125
2024-03-06,EUR,1.064304
2024-03-06,GBP,1.20211
2024-03-07,EUR,1.070287
2024-03-07,GBP,1.201513
2024-03-08,EUR,1.070257
2024-03-08,GBP,1.204815
2024-03-11,EUR,1.065188
2024-03-11,GBP,1.209649
2024-03-12,EUR,1.062161
2024-03-12,GBP,1.212181
2024-03-13,EUR,1.062268
2024-03-13,GBP,1.217668
2024-03-14,EUR,1.065896
2024-03-14,GBP,1.215287
2024-03-15,EUR,1.067125
2024-03-15,GBP,1.222044
2024-03-18,EUR,1.06235
2024-03-18,GBP,1.221086
2024-03-19,EUR,1.064758
2024-03-19,GBP,1.220023
2024-03-20,EUR,1.068771
2024-03-20,GBP,1.221298
2024-03-21,EUR,1.070144
2024-03-21,GBP,1.222873
2024-03-22,EUR,1.06579
2024-03-22,GBP,1.226662
2024-03-25,EUR,1.064835
2024-03-25,GBP,1.231357
2024-03-26,EUR,1.060026
2024-03-26,GBP,1.230154
2024-03-27,EUR,1.056573
2024-03-27,GBP,1.222783
2024-03-28,EUR,1.060798
2024-03-28,GBP,1.224402
2024-04-02,EUR,1.062964
2024-04-02,GBP,1.21947
2024-04-03,EUR,1.067843
2024-04-03,GBP,1.2145
2024-04-04,EUR,1.061859
2024-04-04,GBP,1.221767
2024-04-05,EUR,1.057861
2024-04-05,GBP,1.217687
2024-04-08,EUR,1.055379
2024-04-08,GBP,1.22021
2024-04-09,EUR,1.058113
2024-04-09,GBP,1.230619
2024-04-10,EUR,1.058344
2024-04-10,GBP,1.22844
2024-04-11,EUR,1.067006
2024-04-11,GBP,1.236511
2024-04-12,EUR,1.06212
2024-04-12,GBP,1.236549
2024-04-15,EUR,1.059248
2024-04-15,GBP,1.237133
2024-04-16,EUR,1.065754
2024-04-16,GBP,1.243704
2024-04-17,EUR,1.066152
2024-04-17,GBP,1.246469
2024-04-19,EUR,1.099991
2024-04-19,GBP,1.219805
2024-04-22,EUR,1.103403
2024-04-22,GBP,1.210311
2024-04-23,EUR,1.104955
2024-04-23,GBP,1.209793
2024-04-24,EUR,1.106977
2024-04-24,GBP,1.208381
2024-04-25,EUR,1.111614
2024-04-25,GBP,1.210364
2024-04-26,EUR,1.106859
2024-04-26,GBP,1.211618
2024-04-29,EUR,1.11045
2024-04-29,GBP,1.212477
2024-04-30,EUR,1.114883
2024-04-30,GBP,1.215559
2024-05-02,EUR,1.112733
2024-05-02,GBP,1.210291
2024-05-03,EUR,1.110645
2024-05-03,GBP,1.212993
2024-05-06,EUR,1.11194
2024-05-06,GBP,1.209136
2024-05-07,EUR,1.118106
2024-05-07,GBP,1.212234
2024-05-08,EUR,1.113668
2024-05-08,GBP,1.20618
2024-05-09,EUR,1.110162
2024-05-09,GBP,1.208723
2024-05-10,EUR,1.112928
2024-05-10,GBP,1.216293
2024-05-13,EUR,1.108941
2024-05-13,GBP,1.218389
2024-05-14,EUR,1.11638
2024-05-14,GBP,1.214223
2024-05-15,EUR,1.117465
2024-05-15,GBP,1.218171
2024-05-16,EUR,1.115261
2024-05-16,GBP,1.22136
2024-05-17,EUR,1.12725
2024-05-17,GBP,1.217775
2024-05-20,EUR,1.122763
2024-05-20,GBP,1.215953
2024-05-21,EUR,1.115008
2024-05-21,GBP,1.217336
2024-05-22,EUR,1.117113
2024-05-22,GBP,1.21834
2024-05-23,EUR,1.117905
2024-05-23,GBP,1.215148
2024-05-24,EUR,1.121118
2024-05-24,GBP,1.216619
2024-05-28,EUR,1.119728
2024-05-28,GBP,1.227466
2024-05-29,EUR,1.117167
2024-05-29,GBP,1.227734
2024-05-30,EUR,1.117954
2024-05-30,GBP,1.237469
2024-05-31,EUR,1.114297
2024-05-31,GBP,1.234345
2024-06-03,EUR,1.115968
2024-06-03,GBP,1.235338
2024-06-04,EUR,1.108174
2024-06-04,GBP,1.23215
2024-06-05,EUR,1.10818
2024-06-05,GBP,1.232045
2024-06-06,EUR,1.108103
2024-06-06,GBP,1.232338
2024-06-07,EUR,1.105862
2024-06-07,GBP,1.22896
2024-06-10,EUR,1.105552
2024-06-10,GBP,1.229069
2024-06-11,EUR,1.111779
2024-06-11,GBP,1.229541
2024-06-12,EUR,1.106794
2024-06-12,GBP,1.232814
2024-06-13,EUR,1.103734
2024-06-13,GBP,1.230553
2024-06-14,EUR,1.095887
2024-06-14,GBP,1.224309
2024-06-17,EUR,1.096928
2024-06-17,GBP,1.228182
2024-06-18,EUR,1.100592
2024-06-18,GBP,1.227306
2024-06-20,EUR,1.102483
2024-06-20,GBP,1.227583
2024-06-21,EUR,1.096809
2024-06-21,GBP,1.222839
2024-06-24,EUR,1.098773
2024-06-24,GBP,1.224172
2024-06-25,EUR,1.103161
2024-06-25,GBP,1.225792
2024-06-26,EUR,1.10812
2024-06-26,GBP,1.232017
2024-06-27,EUR,1.106537
2024-06-27,GBP,1.231765
2024-06-28,EUR,1.104721
2024-06-28,GBP,1.232987
2024-07-01,EUR,1.099578
2024-07-01,GBP,1.240486
2024-07-02,EUR,1.106244
2024-07-02,GBP,1.242486
2024-07-03,EUR,1.112403
2024-07-03,GBP,1.23684
2024-07-05,EUR,1.112511
2024-07-05,GBP,1.240478
2024-07-08,EUR,1.113475
2024-07-08,GBP,1.247245
2024-07-09,EUR,1.118985
2024-07-09,GBP,1.244344
2024-07-10,EUR,1.112145
2024-07-10,GBP,1.247931
2024-07-11,EUR,1.10992
2024-07-11,GBP,1.242608
2024-07-12,EUR,1.113017
2024-07-12,GBP,1.245342
2024-07-15,EUR,1.109314
2024-07-15,GBP,1.247592
2024-07-16,EUR,1.107203
2024-07-16,GBP,1.252378
2024-07-17,EUR,1.103719
2024-07-17,GBP,1.252054
2024-07-18,EUR,1.098699
2024-07-18,GBP,1.246269
2024-07-19,EUR,1.100763
2024-07-19,GBP,1.242372
2024-07-22,EUR,1.095227
2024-07-22,GBP,1.23243
2024-07-23,EUR,1.092356
2024-07-23,GBP,1.231133
2024-07-24,EUR,1.089904
2024-07-24,GBP,1.225879
2024-07-25,EUR,1.090427
2024-07-25,GBP,1.228383
2024-07-26,EUR,1.094008
2024-07-26,GBP,1.22675
2024-07-29,EUR,1.097087
2024-07-29,GBP,1.225868
2024-07-30,EUR,1.10039
2024-07-30,GBP,1.224207
2024-07-31,EUR,1.101581
2024-07-31,GBP,1.228533
2024-08-01,EUR,1.095578
2024-08-01,GBP,1.22558
2024-08-02,EUR,1.101431
2024-08-02,GBP,1.225507
2024-08-05,EUR,1.102111
2024-08-05,GBP,1.225513
2024-08-06,EUR,1.107582
2024-08-06,GBP,1.219778
2024-08-07,EUR,1.107188
2024-08-07,GBP,1.216883
2024-08-08,EUR,1.110328
2024-08-08,GBP,1.215932
2024-08-09,EUR,1.107764
2024-08-09,GBP,1.220046
2024-08-12,EUR,1.106123
2024-08-12,GBP,1.218205
2024-08-13,EUR,1.110589
2024-08-13,GBP,1.227605
2024-08-14,EUR,1.114186
2024-08-14,GBP,1.226114
2024-08-16,EUR,1.108447
2024-08-16,GBP,1.221821
2024-08-19,EUR,1.110722
2024-08-19,GBP,1.227079
2024-08-20,EUR,1.10537
2024-08-20,GBP,1.231357
2024-08-21,EUR,1.108212
2024-08-21,GBP,1.23577
2024-08-22,EUR,1.112133
2024-08-22,GBP,1.234472
2024-08-23,EUR,1.109329
2024-08-23,GBP,1.233604
2024-08-26,EUR,1.099573
2024-08-26,GBP,1.236345
2024-08-27,EUR,1.098846
2024-08-27,GBP,1.239194
2024-08-28,EUR,1.106644
2024-08-28,GBP,1.234907
2024-08-29,EUR,1.107981
2024-08-29,GBP,1.231578
2024-08-30,EUR,1.100278
2024-08-30,GBP,1.225328
2024-09-03,EUR,1.100189
2024-09-03,GBP,1.220077
2024-09-04,EUR,1.100801
2024-09-04,GBP,1.21635
2024-09-05,EUR,1.101709
2024-09-05,GBP,1.208934
2024-09-06,EUR,1.102088
2024-09-06,GBP,1.201828
2024-09-09,EUR,1.108601
2024-09-09,GBP,1.209015
2024-09-10,EUR,1.111909
2024-09-10,GBP,1.205328
2024-09-11,EUR,1.115894
2024-09-11,GBP,1.207554
2024-09-12,EUR,1.113192
2024-09-12,GBP,1.207697
2024-09-13,EUR,1.11419
2024-09-13,GBP,1.20978
2024-09-16,EUR,1.116913
2024-09-16,GBP,1.210722
2024-09-17,EUR,1.12384
2024-09-17,GBP,1.209642
2024-09-18,EUR,1.128398
2024-09-18,GBP,1.206253
2024-09-19,EUR,1.132393
2024-09-19,GBP,1.200556
2024-09-20,EUR,1.134908
2024-09-20,GBP,1.194757
2024-09-23,EUR,1.135571
2024-09-23,GBP,1.185591
2024-09-24,EUR,1.137851
2024-09-24,GBP,1.19055
2024-09-25,EUR,1.132442
2024-09-25,GBP,1.189697
2024-09-26,EUR,1.137376
2024-09-26,GBP,1.194031
2024-09-27,EUR,1.138287
2024-09-27,GBP,1.191681
2024-09-30,EUR,1.138945
2024-09-30,GBP,1.190716
2024-10-01,EUR,1.141619
2024-10-01,GBP,1.196726
2024-10-02,EUR,1.144443
2024-10-02,GBP,1.194231
2024-10-03,EUR,1.142089
2024-10-03,GBP,1.185698
2024-10-04,EUR,1.139519
2024-10-04,GBP,1.1797
2024-10-07,EUR,1.141366
2024-10-07,GBP,1.177924
2024-10-08,EUR,1.138533
2024-10-08,GBP,1.17508
2024-10-09,EUR,1.130851
2024-10-09,GBP,1.180562
2024-10-10,EUR,1.131109
2024-10-10,GBP,1.174092
2024-10-11,EUR,1.132955
2024-10-11,GBP,1.17122
2024-10-14,EUR,1.132049
2024-10-14,GBP,1.163107
2024-10-15,EUR,1.126087
2024-10-15,GBP,1.161467
2024-10-16,EUR,1.127893
2024-10-16,GBP,1.155804
2024-10-17,EUR,1.127865
2024-10-17,GBP,1.164155
2024-10-18,EUR,1.122367
2024-10-18,GBP,1.163592
2024-10-21,EUR,1.122362
2024-10-21,GBP,1.160973
2024-10-22,EUR,1.121868
2024-10-22,GBP,1.169022
2024-10-23,EUR,1.11942
2024-10-23,GBP,1.164561
2024-10-24,EUR,1.123849
2024-10-24,GBP,1.163283
2024-10-25,EUR,1.123724
2024-10-25,GBP,1.165954
2024-10-28,EUR,1.129964
2024-10-28,GBP,1.16553
2024-10-29,EUR,1.131647
2024-10-29,GBP,1.169955
2024-10-30,EUR,1.13052
2024-10-30,GBP,1.175527
2024-10-31,EUR,1.136122
2024-10-31,GBP,1.174827
2024-11-01,EUR,1.135248
2024-11-01,GBP,1.172112
2024-11-04,EUR,1.140443
2024-11-04,GBP,1.173914
2024-11-05,EUR,1.145356
2024-11-05,GBP,1.173122
2024-11-06,EUR,1.141599
2024-11-06,GBP,1.177679
2024-11-07,EUR,1.146529
2024-11-07,GBP,1.183099
2024-11-08,EUR,1.158491
2024-11-08,GBP,1.186164
2024-11-11,EUR,1.155221
2024-11-11,GBP,1.192414
2024-11-12,EUR,1.156022
2024-11-12,GBP,1.19171
2024-11-13,EUR,1.15316
2024-11-13,GBP,1.187396
2024-11-14,EUR,1.158025
2024-11-14,GBP,1.186072
2024-11-15,EUR,1.157875
2024-11-15,GBP,1.186256
2024-11-18,EUR,1.155533
2024-11-18,GBP,1.18291
2024-11-19,EUR,1.154946
2024-11-19,GBP,1.176799
2024-11-20,EUR,1.159059
2024-11-20,GBP,1.1743
2024-11-21,EUR,1.16018
2024-11-21,GBP,1.176754
2024-11-22,EUR,1.159379
2024-11-22,GBP,1.180024
2024-11-25,EUR,1.162637
2024-11-25,GBP,1.179902
2024-11-26,EUR,1.166553
2024-11-26,GBP,1.182422
2024-11-27,EUR,1.160137
2024-11-27,GBP,1.182805
2024-11-29,EUR,1.164645
2024-11-29,GBP,1.177623
2024-12-02,EUR,1.169431
2024-12-02,GBP,1.17566
2024-12-03,EUR,1.168565
2024-12-03,GBP,1.176196
2024-12-04,EUR,1.165462
2024-12-04,GBP,1.17196
2024-12-05,EUR,1.165514
2024-12-05,GBP,1.171117
2024-12-06,EUR,1.167694
2024-12-06,GBP,1.168585
2024-12-09,EUR,1.169681
2024-12-09,GBP,1.170111
2024-12-10,EUR,1.165679
2024-12-10,GBP,1.176568
2024-12-11,EUR,1.165202
2024-12-11,GBP,1.169615
2024-12-12,EUR,1.16144
2024-12-12,GBP,1.171229
2024-12-13,EUR,1.162803
2024-12-13,GBP,1.171
2024-12-16,EUR,1.161692
2024-12-16,GBP,1.17877
2024-12-17,EUR,1.161426
2024-12-17,GBP,1.175506
2024-12-18,EUR,1.155558
2024-12-18,GBP,1.180289
2024-12-19,EUR,1.154935
2024-12-19,GBP,1.181862
2024-12-20,EUR,1.153077
2024-12-20,GBP,1.176683
2024-12-23,EUR,1.164263
2024-12-23,GBP,1.17474
2024-12-24,EUR,1.162664
2024-12-24,GBP,1.174591
2024-12-27,EUR,1.155854
2024-12-27,GBP,1.179217
2024-12-30,EUR,1.155206
2024-12-30,GBP,1.181033
2024-12-31,EUR,1.156741
2024-12-31,GBP,1.174024
2025-01-01,EUR,1.160201
2025-01-01,GBP,1.175771
2025-01-02,EUR,1.161149
2025-01-02,GBP,1.170477
2025-01-03,EUR,1.15852
2025-01-03,GBP,1.170156
2025-01-06,EUR,1.157883
2025-01-06,GBP,1.173488
2025-01-07,EUR,1.16068
2025-01-07,GBP,1.173142
